[
    {
      "country": "Афганистан",
      "cities": [
        "Кабул",
        "Кандагар",
        "Герат",
        "Мазар-и-Шариф",
        "Джалалабад"
      ]
    },
    {
      "country": "Албания",
      "cities": [
        "Тирана",
        "Дуррес",
        "Влёра",
        "Шкодер",
        "Фиер"
      ]
    },
    {
      "country": "Алжир",
      "cities": [
        "Алжир",
        "Оран",
        "Константин",
        "Аннаба",
        "Батна"
      ]
    },
    {
      "country": "Андорра",
      "cities": [
        "Андорра-ла-Велья",
        "Эскальдес-Энгордань",
        "Энкамп",
        "Сант-Жулия-де-Лория",
        "Ла-Массана"
      ]
    },
    {
      "country": "Ангола",
      "cities": [
        "Луанда",
        "Хуамбо",
        "Лобиту",
        "Бенгела",
        "Куито"
      ]
    },
    {
      "country": "Антигуа и Барбуда",
      "cities": [
        "Сент-Джонс",
        "Олл-Сейнтс",
        "Либерта",
        "Боландс",
        "Пигготс"
      ]
    },
    {
      "country": "Аргентина",
      "cities": [
        "Буэнос-Айрес",
        "Кордова",
        "Росарио",
        "Мендоса",
        "Сан-Мигель-де-Тукуман"
      ]
    },
    {
      "country": "Армения",
      "cities": [
        "Ереван",
        "Гюмри",
        "Ванадзор",
        "Вагаршапат",
        "Граздан"
      ]
    },
    {
      "country": "Австралия",
      "cities": [
        "Сидней",
        "Мельбурн",
        "Брисбен",
        "Перт",
        "Аделаида"
      ]
    },
    {
      "country": "Австрия",
      "cities": [
        "Вена",
        "Грац",
        "Линц",
        "Зальцбург",
        "Инсбрук"
      ]
    },
    {
      "country": "Азербайджан",
      "cities": [
        "Баку",
        "Гянджа",
        "Сумгаит",
        "Мингечевир",
        "Ленкорань"
      ]
    },
    {
      "country": "Багамские Острова",
      "cities": [
        "Нассау",
        "Фрипорт",
        "Вест-Энд",
        "Куперс-Таун",
        "Марш-Харбур"
      ]
    },
    {
      "country": "Бахрейн",
      "cities": [
        "Манама",
        "Риффа",
        "Мухаррак",
        "Хамад Таун",
        "А'али"
      ]
    },
    {
      "country": "Бангладеш",
      "cities": [
        "Дакка",
        "Читтагонг",
        "Хульна",
        "Раджшахи",
        "Комилла"
      ]
    },
    {
      "country": "Барбадос",
      "cities": [
        "Бриджтаун",
        "Спейтстаун",
        "Оистинс",
        "Батшеба",
        "Хоутаун"
      ]
    },
    {
      "country": "Беларусь",
      "cities": [
        "Минск",
        "Гомель",
        "Могилев",
        "Витебск",
        "Гродно"
      ]
    },
    {
      "country": "Бельгия",
      "cities": [
        "Брюссель",
        "Антверпен",
        "Гент",
        "Шарлеруа",
        "Льеж"
      ]
    },
    {
      "country": "Белиз",
      "cities": [
        "Белиз-Сити",
        "Сан-Игнасио",
        "Бельмопан",
        "Оранж-Уок",
        "Дангрига"
      ]
    },
    {
      "country": "Бенин",
      "cities": [
        "Порто-Ново",
        "Котону",
        "Паракоу",
        "Джугу",
        "Бохикон"
      ]
    },
    {
      "country": "Бутан",
      "cities": [
        "Тхимпху",
        "Фунтшолинг",
        "Пунакха",
        "Гелепху",
        "Джакар"
      ]
    },
    {
      "country": "Боливия",
      "cities": [
        "Ла-Пас",
        "Сукре",
        "Санта-Крус-де-ла-Сьерра",
        "Кочабамба",
        "Оруро"
      ]
    },
    {
      "country": "Босния и Герцеговина",
      "cities": [
        "Сараево",
        "Баня-Лука",
        "Тузла",
        "Зеница",
        "Мостар"
      ]
    },
    {
      "country": "Ботсвана",
      "cities": [
        "Габороне",
        "Францистаун",
        "Молепололе",
        "Селеби-Фикуве",
        "Маун"
      ]
    },
    {
      "country": "Бразилия",
      "cities": [
        "Сан-Паулу",
        "Рио-де-Жанейро",
        "Бразилиа",
        "Сальвадор",
        "Форталеза"
      ]
    },
    {
      "country": "Бруней",
      "cities": [
        "Бандар-Сери-Бегаван",
        "Куала-Белайт",
        "Серия",
        "Тутонг",
        "Бангар"
      ]
    },
    {
      "country": "Болгария",
      "cities": [
        "София",
        "Пловдив",
        "Варна",
        "Бургас",
        "Русе"
      ]
    },
    {
      "country": "Буркина-Фасо",
      "cities": [
        "Уагадугу",
        "Бобо-Диулассо",
        "Кудугу",
        "Уахигуя",
        "Банфора"
      ]
    },
    {
      "country": "Бурунди",
      "cities": [
        "Бужумбура",
        "Муинга",
        "Нгози",
        "Руйиги",
        "Гитега"
      ]
    },
    {
      "country": "Кабо-Верде",
      "cities": [
        "Прайя",
        "Минделу",
        "Санта-Мария",
        "Сидаде-Велья",
        "Эспаргос"
      ]
    },
    {
      "country": "Камбоджа",
      "cities": [
        "Пномпень",
        "Сиемреап",
        "Баттамбанг",
        "Сиануквиль",
        "Пойпет"
      ]
    },
    {
      "country": "Камерун",
      "cities": [
        "Яунде",
        "Дуала",
        "Гаруа",
        "Баменда",
        "Маруа"
      ]
    },
    {
      "country": "Канада",
      "cities": [
        "Торонто",
        "Монреаль",
        "Ванкувер",
        "Калгари",
        "Оттава"
      ]
    },
    {
      "country": "Центральноафриканская Республика",
      "cities": [
        "Банги",
        "Бимбо",
        "Мбаики",
        "Берберати",
        "Кага-Бандоро"
      ]
    },
    {
      "country": "Чад",
      "cities": [
        "Нджамена",
        "Мунду",
        "Сар",
        "Абеш",
        "Кело"
      ]
    },
    {
      "country": "Чили",
      "cities": [
        "Сантьяго",
        "Вальпараисо",
        "Консепсьон",
        "Антофагаста",
        "Вина-дель-Мар"
      ]
    },
    {
      "country": "Китай",
      "cities": [
        "Пекин",
        "Шанхай",
        "Гуанчжоу",
        "Шэньчжэнь",
        "Чэнду"
      ]
    },
    {
      "country": "Колумбия",
      "cities": [
        "Богота",
        "Медельин",
        "Кали",
        "Барранкилья",
        "Картагена"
      ]
    },
    {
      "country": "Коморы",
      "cities": [
        "Морони",
        "Мутсамуду",
        "Фомбони",
        "Домони",
        "Цимбео"
      ]
    },
    {
      "country": "Конго (Конго-Браззавиль)",
      "cities": [
        "Браззавиль",
        "Пуэнт-Нуар",
        "Долиси",
        "Нкаи",
        "Импфондо"
      ]
    },
    {
      "country": "Коста-Рика",
      "cities": [
        "Сан-Хосе",
        "Лимон",
        "Пуэрто-Лимон",
        "Алахуэла",
        "Эредия"
      ]
    },
    {
      "country": "Хорватия",
      "cities": [
        "Загреб",
        "Сплит",
        "Риека",
        "Осиек",
        "Задар"
      ]
    },
    {
      "country": "Куба",
      "cities": [
        "Гавана",
        "Сантьяго-де-Куба",
        "Камагуэй",
        "Голгуин",
        "Санта-Клара"
      ]
    },
    {
      "country": "Кипр",
      "cities": [
        "Никосия",
        "Лимасол",
        "Ларнака",
        "Фамагуста",
        "Пафос"
      ]
    },
    {
      "country": "Чешская Республика",
      "cities": [
        "Прага",
        "Брно",
        "Острава",
        "Пльзень",
        "Либерец"
      ]
    },
    {
      "country": "Дания",
      "cities": [
        "Копенгаген",
        "Орхус",
        "Оденсе",
        "Альборг",
        "Эсбьерг"
      ]
    },
    {
      "country": "Джибути",
      "cities": [
        "Джибути",
        "Али-Сабие",
        "Таджура",
        "Обок",
        "Дихил"
      ]
    },
    {
      "country": "Доминика",
      "cities": [
        "Розо",
        "Портсмут",
        "Мариго",
        "Берекуа",
        "Махо"
      ]
    },
    {
      "country": "Доминиканская Республика",
      "cities": [
        "Санто-Доминго",
        "Сантьяго-де-лос-Кабальерос",
        "Санто-Доминго-Оэсте",
        "Санто-Доминго-Эсте",
        "Сан-Педро-де-Макорис"
      ]
    },
    {
      "country": "Эквадор",
      "cities": [
        "Кито",
        "Гуаякиль",
        "Куэнка",
        "Санто-Доминго-де-лос-Колорадос",
        "Мачала"
      ]
    },
    {
      "country": "Египет",
      "cities": [
        "Каир",
        "Александрия",
        "Гиза",
        "Шубра-эль-Хейма",
        "Порт-Саид"
      ]
    },
    {
      "country": "Сальвадор",
      "cities": [
        "Сан-Сальвадор",
        "Санта-Ана",
        "Сан-Мигель",
        "Мехиканос",
        "Апопа"
      ]
    },
    {
      "country": "Экваториальная Гвинея",
      "cities": [
        "Малабо",
        "Бата",
        "Эбебийин",
        "Аконибе",
        "Анисок"
      ]
    },
    {
      "country": "Эритрея",
      "cities": [
        "Асмэра",
        "Керен",
        "Массауа",
        "Ассаб",
        "Мендефера"
      ]
    },
    {
      "country": "Эстония",
      "cities": [
        "Таллин",
        "Тарту",
        "Нарва",
        "Пярну",
        "Вильянди"
      ]
    },
    {
      "country": "Эсватини (бывший Свазиленд)",
      "cities": [
        "Мбабане",
        "Манзини",
        "Лобамба",
        "Ситеки",
        "Биг-Бенд"
      ]
    },
    {
      "country": "Эфиопия",
      "cities": [
        "Аддис-Абеба",
        "Дире-Дауа",
        "Мекеле",
        "Гондар",
        "Адама"
      ]
    },
    {
      "country": "Фиджи",
      "cities": [
        "Сува",
        "Лаутока",
        "Нади",
        "Лабаса",
        "Ба"
      ]
    },
    {
      "country": "Финляндия",
      "cities": [
        "Хельсинки",
        "Эспоо",
        "Тампере",
        "Вантаа",
        "Оулу"
      ]
    },
    {
      "country": "Франция",
      "cities": [
        "Париж",
        "Марсель",
        "Лион",
        "Тулуза",
        "Ницца"
      ]
    },
    {
      "country": "Габон",
      "cities": [
        "Либревиль",
        "Порт-Жантиль",
        "Франсвиль",
        "Ойем",
        "Моанда"
      ]
    },
    {
      "country": "Гамбия",
      "cities": [
        "Банджул",
        "Серекунда",
        "Брикама",
        "Бакау",
        "Ламин"
      ]
    },
    {
      "country": "Грузия",
      "cities": [
        "Тбилиси",
        "Кутаиси",
        "Батуми",
        "Рустави",
        "Зугдиди"
      ]
    },
    {
      "country": "Германия",
      "cities": [
        "Берлин",
        "Гамбург",
        "Мюнхен",
        "Кёльн",
        "Франкфурт"
      ]
    },
    {
      "country": "Гана",
      "cities": [
        "Аккра",
        "Кумаси",
        "Тамале",
        "Такоради",
        "Ашаиман"
      ]
    },
    {
      "country": "Греция",
      "cities": [
        "Афины",
        "Салоники",
        "Патры",
        "Ираклион",
        "Лариса"
      ]
    },
    {
      "country": "Гренада",
      "cities": [
        "Сент-Джорджес",
        "Гуяв",
        "Гренвилл",
        "Виктория",
        "Сотерс"
      ]
    },
    {
      "country": "Гватемала",
      "cities": [
        "Гватемала-Сити",
        "Микско",
        "Вилья-Нуэва",
        "Петапа",
        "Сан-Хуан-Сакатепекес"
      ]
    },
    {
      "country": "Гвинея",
      "cities": [
        "Конакри",
        "Нзерекоре",
        "Киндия",
        "Канкан",
        "Гинея"
      ]
    },
    {
      "country": "Гвинея-Бисау",
      "cities": [
        "Бисау",
        "Бафата",
        "Габу",
        "Кашеу",
        "Биссора"
      ]
    },
    {
      "country": "Гайана",
      "cities": [
        "Джорджтаун",
        "Линден",
        "Нью-Амстердам",
        "Бартика",
        "Скелдон"
      ]
    },
    {
      "country": "Гаити",
      "cities": [
        "Порт-о-Пренс",
        "Каррефур",
        "Дельмас",
        "Кап-Аишен",
        "Петион-Виль"
      ]
    },
    {
      "country": "Гондурас",
      "cities": [
        "Тегусигальпа",
        "Сан-Педро-Сула",
        "Чолома",
        "Ла-Сейба",
        "Эль-Прогресо"
      ]
    },
    {
      "country": "Венгрия",
      "cities": [
        "Будапешт",
        "Дебрецен",
        "Сегед",
        "Мишкольц",
        "Печ"
      ]
    },
    {
      "country": "Исландия",
      "cities": [
        "Рейкьявик",
        "Копавогур",
        "Хафнарфьордур",
        "Акурейри",
        "Рейкьянесбаэр"
      ]
    },
    {
      "country": "Индия",
      "cities": [
        "Мумбаи",
        "Дели",
        "Бангалор",
        "Хайдарабад",
        "Ченнай"
      ]
    },
    {
      "country": "Индонезия",
      "cities": [
        "Джакарта",
        "Сурабая",
        "Бандунг",
        "Медан",
        "Семаранг"
      ]
    },
    {
      "country": "Иран",
      "cities": [
        "Тегеран",
        "Мешхед",
        "Исфахан",
        "Карадж",
        "Тебриз"
      ]
    },
    {
      "country": "Ирак",
      "cities": [
        "Багдад",
        "Басра",
        "Сулеймания",
        "Эрбиль",
        "Наджаф"
      ]
    },
    {
      "country": "Ирландия",
      "cities": [
        "Дублин",
        "Корк",
        "Голуэй",
        "Лимерик",
        "Уотерфорд"
      ]
    },
    {
      "country": "Израиль",
      "cities": [
        "Иерусалим",
        "Тель-Авив",
        "Хайфа",
        "Ришон-Лецион",
        "Петах-Тиква"
      ]
    },
    {
      "country": "Италия",
      "cities": [
        "Рим",
        "Милан",
        "Неаполь",
        "Турин",
        "Палермо"
      ]
    },
    {
      "country": "Ямайка",
      "cities": [
        "Кингстон",
        "Монтего-Бей",
        "Спэниш-Таун",
        "Портмор",
        "Мэй-Пен"
      ]
    },
    {
      "country": "Япония",
      "cities": [
        "Токио",
        "Йокогама",
        "Осака",
        "Нагоя",
        "Саппоро"
      ]
    },
    {
      "country": "Иордания",
      "cities": [
        "Амман",
        "Зарка",
        "Ирбид",
        "Русейфа",
        "Акаба"
      ]
    },
    {
      "country": "Казахстан",
      "cities": [
        "Нур-Султан",
        "Алматы",
        "Шымкент",
        "Караганда",
        "Актобе"
      ]
    },
    {
      "country": "Кения",
      "cities": [
        "Найроби",
        "Момбаса",
        "Кисуму",
        "Накуру",
        "Эльдорет"
      ]
    },
    {
      "country": "Кирибати",
      "cities": [
        "Южная Тарава",
        "Бетио",
        "Бикенибеу",
        "Баирики",
        "Тейнайнано-Урбан"
      ]
    },
    {
      "country": "Косово",
      "cities": [
        "Приштина",
        "Печь",
        "Джаково",
        "Митровица",
        "Феризай"
      ]
    },
    {
      "country": "Кувейт",
      "cities": [
        "Кувейт-Сити",
        "Фарвания",
        "Аль-Джахра",
        "Хавалли",
        "Мубарак аль-Кабир"
      ]
    },
    {
      "country": "Киргизия",
      "cities": [
        "Бишкек",
        "Ош",
        "Джалал-Абад",
        "Каракол",
        "Токмок"
      ]
    },
    {
      "country": "Лаос",
      "cities": [
        "Вьентьян",
        "Паксе",
        "Саваннакхет",
        "Луанг Прабанг",
        "Тхакек"
      ]
    },
    {
      "country": "Латвия",
      "cities": [
        "Рига",
        "Даугавпилс",
        "Лиепая",
        "Елгава",
        "Юрмала"
      ]
    },
    {
      "country": "Ливан",
      "cities": [
        "Бейрут",
        "Триполи",
        "Сидон",
        "Тир",
        "Джбейль"
      ]
    },
    {
      "country": "Лесото",
      "cities": [
        "Масеру",
        "Теятейяненг",
        "Мафетенг",
        "Хлотсе",
        "Мохалес-Хоэк"
      ]
    },
    {
      "country": "Либерия",
      "cities": [
        "Монровия",
        "Гбарнга",
        "Бенсонвиль",
        "Харпер",
        "Каката"
      ]
    },
    {
      "country": "Ливия",
      "cities": [
        "Триполи",
        "Бенгази",
        "Мисрате",
        "Тархуна",
        "Завия"
      ]
    },
    {
      "country": "Лихтенштейн",
      "cities": [
        "Вадуц",
        "Шаан",
        "Бальцерс",
        "Тризен",
        "Эшен"
      ]
    },
    {
      "country": "Литва",
      "cities": [
        "Вильнюс",
        "Каунас",
        "Клайпеда",
        "Шяуляй",
        "Паневежис"
      ]
    },
    {
      "country": "Люксембург",
      "cities": [
        "Люксембург",
        "Эш-сюр-Альзетт",
        "Дифферданж",
        "Дюделанж",
        "Эттельбрюк"
      ]
  },
  {
      "country": "Мадагаскар",
      "cities": [
          "Антананариву",
          "Туамасина",
          "Анцирабе",
          "Фианаранцоа",
          "Махаджанга"
      ]
  },
  {
      "country": "Малави",
      "cities": [
          "Лилонгве",
          "Блантайр",
          "Мзузу",
          "Зомба",
          "Касунгу"
      ]
  },
  {
      "country": "Малайзия",
      "cities": [
          "Куала-Лумпур",
          "Джорджтаун",
          "Ипох",
          "Шах Алам",
          "Петалинг-Джая"
      ]
  },
  {
      "country": "Мальдивы",
      "cities": [
          "Мале",
          "Адду-Сити",
          "Фувахмулах",
          "Хитахду",
          "Кулхудхуффуши"
      ]
  },
  {
      "country": "Мали",
      "cities": [
          "Бамако",
          "Сикассо",
          "Мопти",
          "Сегу",
          "Кайес"
      ]
  },
  {
      "country": "Мальта",
      "cities": [
          "Валлетта",
          "Биркиркара",
          "Моста",
          "Корми",
          "Слима"
      ]
  },
  {
      "country": "Маршалловы Острова",
      "cities": [
          "Маджуро",
          "Эбейе",
          "Лаура",
          "Вотже",
          "Джабор"
      ]
  },
  {
      "country": "Мавритания",
      "cities": [
          "Нуакшот",
          "Нуадибу",
          "Зуарет",
          "Каэди",
          "Россо"
      ]
  },
  {
      "country": "Маврикий",
      "cities": [
          "Порт-Луи",
          "Бо Бассен-Роуз-Хилл",
          "Вакоас-Финикс",
          "Курепип",
          "Катр Борн"
      ]
  },
  {
      "country": "Мексика",
      "cities": [
          "Мехико",
          "Гвадалахара",
          "Монтеррей",
          "Пуэбла",
          "Тихуана"
      ]
  },
  {
      "country": "Микронезия",
      "cities": [
          "Паликир",
          "Уоно",
          "Колония",
          "Тофол",
          "Колония"
      ]
  },
  {
      "country": "Молдова",
      "cities": [
          "Кишинев",
          "Тирасполь",
          "Бельцы",
          "Бендеры",
          "Рыбница"
      ]
  },
  {
      "country": "Монако",
      "cities": [
          "Монако",
          "Монте-Карло",
          "Ла Кондамин",
          "Фонтвье",
          "Монегетти"
      ]
  },
  {
      "country": "Монголия",
      "cities": [
          "Улан-Батор",
          "Эрдэнэт",
          "Дархан",
          "Чойбалсан",
          "Ховд"
      ]
  },
  {
      "country": "Черногория",
      "cities": [
          "Подгорица",
          "Никшич",
          "Герцег-Нови",
          "Плевля",
          "Бар"
      ]
  },
  {
      "country": "Марокко",
      "cities": [
          "Касабланка",
          "Рабат",
          "Фес",
          "Марракеш",
          "Агадир"
      ]
  },
  {
      "country": "Мозамбик",
      "cities": [
          "Мапуту",
          "Матола",
          "Бейра",
          "Нампула",
          "Чимойо"
      ]
  },
  {
      "country": "Мьянма (ранее Бирма)",
      "cities": [
          "Янгон",
          "Мандалай",
          "Нейпьидо",
          "Мавламьин",
          "Баго"
      ]
  },
  {
      "country": "Намибия",
      "cities": [
          "Виндхук",
          "Уолвис-Бей",
          "Свакопмунд",
          "Ошакати",
          "Китмансхоп"
      ]
  },
  {
      "country": "Науру",
      "cities": [
          "Ярен",
          "Денигомоду",
          "Мененг",
          "Анабар",
          "Уабое"
      ]
  },
  {
      "country": "Непал",
      "cities": [
          "Катманду",
          "Покхара",
          "Патан",
          "Биратнагар",
          "Дхаран"
      ]
  },
  {
      "country": "Нидерланды",
      "cities": [
          "Амстердам",
          "Роттердам",
          "Гаага",
          "Утрехт",
          "Эйндховен"
      ]
  },
  {
      "country": "Новая Зеландия",
      "cities": [
          "Окленд",
          "Веллингтон",
          "Крайстчерч",
          "Гамильтон",
          "Тауранга"
      ]
  },
  {
      "country": "Никарагуа",
      "cities": [
          "Манагуа",
          "Леон",
          "Масайя",
          "Матагальпа",
          "Чинандега"
      ]
  },
  {
      "country": "Нигер",
      "cities": [
          "Ниамей",
          "Зиндер",
          "Маради",
          "Агадез",
          "Тахоа"
      ]
  },
  {
      "country": "Нигерия",
      "cities": [
          "Лагос",
          "Кано",
          "Ибадан",
          "Кадуна",
          "Порт-Харкорт"
      ]
  },
  {
      "country": "Северная Корея",
      "cities": [
          "Пхеньян",
          "Хамхун",
          "Чхонджин",
          "Нампхо",
          "Вонсан"
      ]
  },
  {
      "country": "Северная Македония",
      "cities": [
          "Скопье",
          "Битола",
          "Куманово",
          "Препш",
          "Тетово"
      ]
  },
  {
      "country": "Норвегия",
      "cities": [
          "Осло",
          "Берген",
          "Ставангер",
          "Тронхейм",
          "Драммен"
      ]
  },
  {
      "country": "Оман",
      "cities": [
          "Маскат",
          "Сиб",
          "Салала",
          "Бавшар",
          "Сухар"
      ]
  },
  {
      "country": "Пакистан",
      "cities": [
          "Карачи",
          "Лахор",
          "Файсалабад",
          "Равалпинди",
          "Мултан"
      ]
  },
  {
      "country": "Палау",
      "cities": [
          "Нгерулмуд",
          "Корор",
          "Мелекеок",
          "Айрай",
          "Нгарамасч"
      ]
  },
  {
      "country": "Панама",
      "cities": [
          "Панама",
          "Сан-Мигелито",
          "Токумен",
          "Давид",
          "Колон"
      ]
  },
  {
      "country": "Папуа - Новая Гвинея",
      "cities": [
          "Порт-Морсби",
          "Лае",
          "Маунт-Хаген",
          "Мадан",
          "Ванимо"
      ]
  },
  {
      "country": "Парагвай",
      "cities": [
          "Асунсьон",
          "Сан-Лоренцо",
          "Ситараги",
          "Ламбаре",
          "Фернандо-де-ла-Мора"
      ]
  },
  {
      "country": "Перу",
      "cities": [
          "Лима",
          "Арекипа",
          "Трухильо",
          "Чиклайо",
          "Пуно"
      ]
  },
  {
      "country": "Филиппины",
      "cities": [
          "Манила",
          "Давао",
          "Кесон-Сити",
          "Калибо",
          "Котабато"
      ]
  },
  {
      "country": "Польша",
      "cities": [
          "Варшава",
          "Краков",
          "Вроцлав",
          "Познань",
          "Гданьск"
      ]
  },
  {
      "country": "Португалия",
      "cities": [
          "Лиссабон",
          "Порту",
          "Амадора",
          "Коимбра",
          "Брага"
      ]
  },
  {
      "country": "Катар",
      "cities": [
          "Доха",
          "Аль-Раян",
          "Аль-Вакра",
          "Аль-Хор",
          "Месаиед"
      ]
  },
  {
      "country": "Румыния",
      "cities": [
          "Бухарест",
          "Клуж-Напока",
          "Тимишоара",
          "Яши",
          "Крайова"
      ]
  },
  {
      "country": "Россия",
      "cities": [
          "Москва",
          "Санкт-Петербург",
          "Новосибирск",
          "Екатеринбург",
          "Нижний Новгород"
      ]
  },
  {
      "country": "Руанда",
      "cities": [
          "Кигали",
          "Бутаре",
          "Рубаву",
          "Муханга",
          "Рухенгери"
      ]
  },
  {
      "country": "Сент-Китс и Невис",
      "cities": [
          "Бастер",
          "Чарльстаун",
          "Сенди-Пойнт",
          "Керрони",
          "Ханиуел"
      ]
  },
  {
      "country": "Сент-Люсия",
      "cities": [
          "Кастри",
          "Суфриер",
          "Вьюфорт",
          "Денри",
          "Сусли"
      ]
  },
  {
      "country": "Сент-Винсент и Гренадины",
      "cities": [
          "Кингстаун",
          "Доренс",
          "Лейборо",
          "Порт-Элизабет",
          "Шарлотт"
      ]
  },
  {
      "country": "Самоа",
      "cities": [
          "Апиа",
          "Асау",
          "Мулифануа",
          "Фалилифу",
          "Сапапалии"
      ]
  },
  {
      "country": "Сан-Марино",
      "cities": [
          "Сан-Марино",
          "Сесто",
          "Акаю",
          "Монте-Гирли",
          "Фаэнца"
      ]
  },
  {
      "country": "Саудовская Аравия",
      "cities": [
          "Эр-Рияд",
          "Джидда",
          "Мекка",
          "Медина",
          "Даммам"
      ]
  },
  {
      "country": "Сенегал",
      "cities": [
          "Дакар",
          "Тиес",
          "Тиес",
          "Тиес",
          "Тиес"
      ]
  },
  {
      "country": "Сербия",
      "cities": [
          "Белград",
          "Нови Сад",
          "Ниш",
          "Крагуевач",
          "Суботица"
      ]
  },
  {
      "country": "Сейшельские острова",
      "cities": [
          "Виктория",
          "Ансе-Рояль",
          "Бел-Омбр",
          "Маэ",
          "Глаци"
      ]
  },
  {
      "country": "Сьерра-Леоне",
      "cities": [
          "Фритаун",
          "Макени",
          "Бо",
          "Кенема",
          "Монровия"
      ]
  },
  {
      "country": "Сингапур",
      "cities": [
          "Сингапур",
          "Вудлендс",
          "Тампинес",
          "Тампинес",
          "Тампинес"
      ]
  },
  {
      "country": "Словакия",
      "cities": [
          "Братислава",
          "Кошице",
          "Прешов",
          "Жилина",
          "Нитра"
      ]
  },
  {
      "country": "Словения",
      "cities": [
          "Любляна",
          "Марибор",
          "Челе",
          "Ново Место",
          "Кран"
      ]
  },
  {
      "country": "Соломоновы острова",
      "cities": [
          "Хониара",
          "Гизо",
          "Ауки",
          "Байлона",
          "Малло"
      ]
  },
  {
      "country": "Сомали",
      "cities": [
          "Могадишо",
          "Хараре",
          "Була-Бурте",
          "Байдоа",
          "Харгейса"
      ]
  },
  {
      "country": "Южная Африка",
      "cities": [
          "Претория",
          "Кейптаун",
          "Дурбан",
          "Йоханнесбург",
          "Сошангуве"
      ]
  },
  {
      "country": "Южная Корея",
      "cities": [
          "Сеул",
          "Пусан",
          "Инчхон",
          "Даегу",
          "Даеун"
      ]
  },
  {
      "country": "Южный Судан",
      "cities": [
          "Джуба",
          "Вав",
          "Малакаль",
          "Уэп",
          "Бор"
      ]
  },
  {
      "country": "Испания",
      "cities": [
          "Мадрид",
          "Барселона",
          "Валенсия",
          "Севилья",
          "Сарагоса"
      ]
  },
  {
      "country": "Шри-Ланка",
      "cities": [
          "Коломбо",
          "Дебадунува",
          "Махарагама",
          "Кота",
          "Джафна"
      ]
  },
  {
      "country": "Судан",
      "cities": [
          "Хартум",
          "Омдурман",
          "Ньяла",
          "Порт-Судан",
          "Ад Дуэйм"
      ]
  },
  {
      "country": "Суринам",
      "cities": [
          "Парамарибо",
          "Лелиндал",
          "Неув-Никери",
          "Вагенинген",
          "Моенго"
      ]
  },
  {
      "country": "Швеция",
      "cities": [
          "Стокгольм",
          "Гетеборг",
          "Мальмё",
          "Упсала",
          "Йёнчёпинг"
      ]
  },
  {
      "country": "Швейцария",
      "cities": [
          "Цюрих",
          "Женева",
          "Базель",
          "Берн",
          "Лозанна"
      ]
  },
  {
      "country": "Сирия",
      "cities": [
          "Дамаск",
          "Алеппо",
          "Хомс",
          "Латакия",
          "Ракка"
      ]
  },
  {
      "country": "Таджикистан",
      "cities": [
          "Душанбе",
          "Худжанд",
          "Куляб",
          "Истаравшан",
          "Пенджикент"
      ]
  },
  {
      "country": "Тайвань",
      "cities": [
          "Тайбэй",
          "Нью-Тайпэй",
          "Тайчжун",
          "Тайнань",
          "Цзянси"
      ]
  },
  {
      "country": "Танзания",
      "cities": [
          "Додома",
          "Дар-эс-Салам",
          "Мванза",
          "Занзибар",
          "Аруша"
      ]
  },
  {
      "country": "Таиланд",
      "cities": [
          "Бангкок",
          "Чиангмай",
          "Паттайя",
          "Нонгкай",
          "Ай - Сутхон"
      ]
  },
  {
      "country": "Того",
      "cities": [
          "Ломе",
          "Сокоде",
          "Кара",
          "Палиме",
          "Баду-Кпеве"
      ]
  },
  {
      "country": "Тонга",
      "cities": [
          "Нукуалофа",
          "Хаапай",
          "Фулафуи",
          "Колоа",
          "Вавау"
      ]
  },
  {
      "country": "Тринидад и Тобаго",
      "cities": [
          "Порт-оф-Спейн",
          "Сан-Фернандо",
          "Арима",
          "Пуэрто - Спейн",
          "Чагуанас"
      ]
  },
  {
      "country": "Тунис",
      "cities": [
          "Тунис",
          "Сфакс",
          "Сус",
          "Эль-Ксур",
          "Габес"
      ]
  },
  {
      "country": "Турция",
      "cities": [
          "Анкара",
          "Стамбул",
          "Измир",
          "Адана",
          "Анталия"
      ]
  },
  {
      "country": "Туркменистан",
      "cities": [
          "Ашхабад",
          "Туркменбаши",
          "Дашогуз",
          "Марый",
          "Балканабат"
      ]
  },
  {
      "country": "Тувалу",
      "cities": [
          "Фунафути",
          "Сахалин",
          "Нукуфет",
          "Вейтиако",
          "Кулагао"
      ]
  },
  {
      "country": "Уганда",
      "cities": [
          "Кампала",
          "Гулу",
          "Лира",
          "Мбарара",
          "Джинджа"
      ]
  },
  {
      "country": "Украина",
      "cities": [
          "Киев",
          "Харьков",
          "Одесса",
          "Днепр",
          "Донецк"
      ]
  },
  {
      "country": "Объединенные Арабские Эмираты",
      "cities": [
          "Абу-Даби",
          "Дубай",
          "Шарджа",
          "Аджман",
          "Умм-Аль-Кайвайн"
      ]
  },
  {
      "country": "Соединенное королевство Великобритании и Северной Ирландии",
      "cities": [
          "Лондон",
          "Бирмингем",
          "Ливерпуль",
          "Манчестер",
          "Эдинбург"
      ]
  },
  {
      "country": "Соединенные Штаты Америки",
      "cities": [
          "Вашингтон",
          "Нью-Йорк",
          "Лос-Анджелес",
          "Хьюстон",
          "Филадельфия"
      ]
  },
  {
      "country": "Уругвай",
      "cities": [
          "Монтевидео",
          "Салто",
          "Пайсанду",
          "Ривера",
          "Лас-Пьедрас"
      ]
  },
  {
      "country": "Узбекистан",
      "cities": [
          "Ташкент",
          "Самарканд",
          "Наманган",
          "Андижан",
          "Бухара"
      ]
  },
  {
      "country": "Вануату",
      "cities": [
          "Порт-Вила",
          "Люганвилл",
          "Саратамата",
          "Лениса",
          "Сольве"
      ]
  },
  {
      "country": "Венесуэла",
      "cities": [
          "Каракас",
          "Маракай",
          "Валенсия",
          "Баркизимето",
          "Баринас"
      ]
  },
  {
      "country": "Вьетнам",
      "cities": [
          "Ханой",
          "Хошимин",
          "Дананг",
          "Хайфонг",
          "Хонгхаи"
      ]
  },
  {
      "country": "Йемен",
      "cities": [
          "Сана",
          "Таиз",
          "Аден",
          "Шибам",
          "Ибб"
      ]
  },
  {
      "country": "Замбия",
      "cities": [
          "Лусака",
          "Ндола",
          "Китве",
          "Чинджере",
          "Чома"
      ]
  },
  {
      "country": "Зимбабве",
      "cities": [
          "Хараре",
          "Булавайо",
          "Читунгвиза",
          "Масвинго",
          "Квебула"
      ]
  }
]
  